,Variable,Max,Average,Min
2010-11-01,Max Temperature,66.0,47.93,30.0
2010-11-01,Avg Temperature,60.23,44.54,28.98
2010-11-01,Min Temperature,57.0,41.23,27.0
2010-11-01,Dew Point,55.0,38.72,0.0
2010-11-01,Precipitation,0.0,0.0,0.0
2010-11-01,Snowdepth,0.0,0.0,0.0
2010-11-01,Wind,26.0,9.17,0.0
2010-11-01,Gust Wind,40.0,0.86,0.0
2010-11-01,Sea Level Pressure,29.84,29.33,28.5
2010-12-01,Max Temperature,43.0,32.35,23.0
2010-12-01,Avg Temperature,38.75,28.8,16.85
2010-12-01,Min Temperature,36.0,24.52,0.0
2010-12-01,Dew Point,39.0,23.68,0.0
2010-12-01,Precipitation,0.0,0.0,0.0
2010-12-01,Snowdepth,0.0,0.0,0.0
2010-12-01,Wind,29.0,7.82,0.0
2010-12-01,Gust Wind,39.0,0.24,0.0
2010-12-01,Sea Level Pressure,30.01,29.5,28.85
2011-01-01,Max Temperature,57.0,40.97,27.0
2011-01-01,Avg Temperature,53.81,36.78,22.87
2011-01-01,Min Temperature,52.0,31.87,19.0
2011-01-01,Dew Point,54.0,29.5,0.0
2011-01-01,Precipitation,0.0,0.0,0.0
2011-01-01,Snowdepth,0.0,0.0,0.0
2011-01-01,Wind,22.0,7.7,0.0
2011-01-01,Gust Wind,26.0,0.09,0.0
2011-01-01,Sea Level Pressure,30.13,29.7,29.14
2011-02-01,Max Temperature,54.0,42.75,27.0
2011-02-01,Avg Temperature,49.0,37.54,25.17
2011-02-01,Min Temperature,46.0,32.46,18.0
2011-02-01,Dew Point,52.0,29.1,0.0
2011-02-01,Precipitation,0.0,0.0,0.0
2011-02-01,Snowdepth,0.0,0.0,0.0
2011-02-01,Wind,26.0,8.24,0.0
2011-02-01,Gust Wind,37.0,0.13,0.0
2011-02-01,Sea Level Pressure,30.07,29.68,29.14
2011-03-01,Max Temperature,68.0,55.29,43.0
2011-03-01,Avg Temperature,56.54,45.76,35.79
2011-03-01,Min Temperature,50.0,36.48,27.0
2011-03-01,Dew Point,55.0,30.61,0.0
2011-03-01,Precipitation,0.0,0.0,0.0
2011-03-01,Snowdepth,0.0,0.0,0.0
2011-03-01,Wind,28.0,8.5,0.0
2011-03-01,Gust Wind,35.0,0.33,0.0
2011-03-01,Sea Level Pressure,30.28,29.77,29.23
2011-04-01,Max Temperature,81.0,68.3,55.0
2011-04-01,Avg Temperature,67.29,57.23,47.42
2011-04-01,Min Temperature,54.0,45.9,36.0
2011-04-01,Dew Point,55.0,39.48,0.0
2011-04-01,Precipitation,0.0,0.0,0.0
2011-04-01,Snowdepth,0.0,0.0,0.0
2011-04-01,Wind,31.0,8.08,0.0
2011-04-01,Gust Wind,54.0,0.72,0.0
2011-04-01,Sea Level Pressure,29.98,29.68,29.31
2011-05-01,Max Temperature,90.0,73.39,57.0
2011-05-01,Avg Temperature,72.19,61.37,46.94
2011-05-01,Min Temperature,61.0,48.84,30.0
2011-05-01,Dew Point,64.0,40.71,0.0
2011-05-01,Precipitation,0.0,0.0,0.0
2011-05-01,Snowdepth,0.0,0.0,0.0
2011-05-01,Wind,25.0,7.66,0.0
2011-05-01,Gust Wind,36.0,0.32,0.0
2011-05-01,Sea Level Pressure,30.01,29.67,29.31
2011-06-01,Max Temperature,91.0,73.7,61.0
2011-06-01,Avg Temperature,78.81,65.29,56.69
2011-06-01,Min Temperature,66.0,57.57,52.0
2011-06-01,Dew Point,70.0,53.14,34.0
2011-06-01,Precipitation,0.0,0.0,0.0
2011-06-01,Snowdepth,0.0,0.0,0.0
2011-06-01,Wind,30.0,8.23,0.0
2011-06-01,Gust Wind,38.0,0.5,0.0
2011-06-01,Sea Level Pressure,30.01,29.61,29.17
2011-07-01,Max Temperature,86.0,72.55,61.0
2011-07-01,Avg Temperature,72.13,63.98,55.63
2011-07-01,Min Temperature,61.0,56.39,50.0
2011-07-01,Dew Point,68.0,52.95,39.0
2011-07-01,Precipitation,0.0,0.0,0.0
2011-07-01,Snowdepth,0.0,0.0,0.0
2011-07-01,Wind,24.0,7.47,0.0
2011-07-01,Gust Wind,35.0,0.61,0.0
2011-07-01,Sea Level Pressure,29.78,29.51,29.14
2011-08-01,Max Temperature,95.0,76.48,66.0
2011-08-01,Avg Temperature,78.9,67.01,58.56
2011-08-01,Min Temperature,68.0,58.26,48.0
2011-08-01,Dew Point,72.0,57.15,41.0
2011-08-01,Precipitation,0.0,0.0,0.0
2011-08-01,Snowdepth,0.0,0.0,0.0
2011-08-01,Wind,31.0,6.96,0.0
2011-08-01,Gust Wind,33.0,0.4,0.0
2011-08-01,Sea Level Pressure,29.93,29.56,29.2
2011-09-01,Max Temperature,84.0,72.5,61.0
2011-09-01,Avg Temperature,72.65,62.66,54.71
2011-09-01,Min Temperature,66.0,53.77,45.0
2011-09-01,Dew Point,68.0,54.0,41.0
2011-09-01,Precipitation,0.0,0.0,0.0
2011-09-01,Snowdepth,0.0,0.0,0.0
2011-09-01,Wind,23.0,6.95,0.0
2011-09-01,Gust Wind,35.0,0.26,0.0
2011-09-01,Sea Level Pressure,30.01,29.64,29.26
2011-10-01,Max Temperature,79.0,60.71,46.0
2011-10-01,Avg Temperature,65.04,51.42,37.27
2011-10-01,Min Temperature,61.0,43.42,30.0
2011-10-01,Dew Point,63.0,44.23,0.0
2011-10-01,Precipitation,0.0,0.0,0.0
2011-10-01,Snowdepth,0.0,0.0,0.0
2011-10-01,Wind,26.0,8.0,0.0
2011-10-01,Gust Wind,40.0,0.66,0.0
2011-10-01,Sea Level Pressure,30.1,29.74,29.26
2011-11-01,Max Temperature,64.0,48.0,36.0
2011-11-01,Avg Temperature,52.48,41.44,22.21
2011-11-01,Min Temperature,48.0,35.03,0.0
2011-11-01,Dew Point,50.0,35.74,0.0
2011-11-01,Precipitation,0.0,0.0,0.0
2011-11-01,Snowdepth,0.0,0.0,0.0
2011-11-01,Wind,23.0,6.42,1.0
2011-11-01,Gust Wind,35.0,0.18,0.0
2011-11-01,Sea Level Pressure,30.16,29.75,0.0
2011-12-01,Max Temperature,54.0,45.61,37.0
2011-12-01,Avg Temperature,47.92,41.29,32.19
2011-12-01,Min Temperature,46.0,36.55,25.0
2011-12-01,Dew Point,50.0,34.27,0.0
2011-12-01,Precipitation,0.0,0.0,0.0
2011-12-01,Snowdepth,0.0,0.0,0.0
2011-12-01,Wind,31.0,11.12,1.0
2011-12-01,Gust Wind,55.0,2.04,0.0
2011-12-01,Sea Level Pressure,30.25,29.55,28.32
2012-01-01,Max Temperature,55.0,43.29,32.0
2012-01-01,Avg Temperature,52.33,38.75,27.33
2012-01-01,Min Temperature,46.0,34.0,18.0
2012-01-01,Dew Point,54.0,31.74,0.0
2012-01-01,Precipitation,0.0,0.0,0.0
2012-01-01,Snowdepth,0.0,0.0,0.0
2012-01-01,Wind,32.0,10.47,0.0
2012-01-01,Gust Wind,47.0,2.36,0.0
2012-01-01,Sea Level Pressure,30.13,29.75,28.85
2012-02-01,Max Temperature,59.0,37.38,19.0
2012-02-01,Avg Temperature,50.32,30.71,12.67
2012-02-01,Min Temperature,45.0,24.31,5.0
2012-02-01,Dew Point,48.0,20.77,-9.0
2012-02-01,Precipitation,0.0,0.0,0.0
2012-02-01,Snowdepth,0.0,0.0,0.0
2012-02-01,Wind,23.0,9.47,0.0
2012-02-01,Gust Wind,33.0,0.33,0.0
2012-02-01,Sea Level Pressure,30.25,29.94,29.31
2012-03-01,Max Temperature,70.0,56.9,46.0
2012-03-01,Avg Temperature,57.44,48.23,38.46
2012-03-01,Min Temperature,48.0,38.84,28.0
2012-03-01,Dew Point,50.0,35.79,0.0
2012-03-01,Precipitation,0.0,0.0,0.0
2012-03-01,Snowdepth,0.0,0.0,0.0
2012-03-01,Wind,23.0,6.73,0.0
2012-03-01,Gust Wind,33.0,0.2,0.0
2012-03-01,Sea Level Pressure,30.28,29.91,29.46
2012-04-01,Max Temperature,84.0,57.87,46.0
2012-04-01,Avg Temperature,69.71,49.94,40.98
2012-04-01,Min Temperature,57.0,41.67,28.0
2012-04-01,Dew Point,55.0,36.82,0.0
2012-04-01,Precipitation,0.0,0.0,0.0
2012-04-01,Snowdepth,0.0,0.0,0.0
2012-04-01,Wind,23.0,8.12,0.0
2012-04-01,Gust Wind,35.0,0.29,0.0
2012-04-01,Sea Level Pressure,29.72,29.32,28.88
2012-05-01,Max Temperature,86.0,71.32,55.0
2012-05-01,Avg Temperature,73.81,61.95,48.69
2012-05-01,Min Temperature,64.0,51.84,34.0
2012-05-01,Dew Point,64.0,47.87,0.0
2012-05-01,Precipitation,0.0,0.0,0.0
2012-05-01,Snowdepth,0.0,0.0,0.0
2012-05-01,Wind,24.0,7.63,0.0
2012-05-01,Gust Wind,39.0,0.33,0.0
2012-05-01,Sea Level Pressure,30.13,29.58,29.05
2012-06-01,Max Temperature,86.0,71.53,59.0
2012-06-01,Avg Temperature,73.07,63.12,53.54
2012-06-01,Min Temperature,64.0,55.23,48.0
2012-06-01,Dew Point,70.0,53.65,34.0
2012-06-01,Precipitation,0.0,0.0,0.0
2012-06-01,Snowdepth,0.0,0.0,0.0
2012-06-01,Wind,28.0,6.89,0.0
2012-06-01,Gust Wind,39.0,0.31,0.0
2012-06-01,Sea Level Pressure,29.84,29.54,29.2
2012-07-01,Max Temperature,95.0,75.68,68.0
2012-07-01,Avg Temperature,80.6,67.05,58.92
2012-07-01,Min Temperature,68.0,58.74,45.0
2012-07-01,Dew Point,68.0,55.08,41.0
2012-07-01,Precipitation,0.0,0.0,0.0
2012-07-01,Snowdepth,0.0,0.0,0.0
2012-07-01,Wind,33.0,8.26,0.0
2012-07-01,Gust Wind,52.0,0.71,0.0
2012-07-01,Sea Level Pressure,29.98,29.58,29.14
2012-08-01,Max Temperature,97.0,79.32,66.0
2012-08-01,Avg Temperature,79.88,69.42,60.51
2012-08-01,Min Temperature,68.0,59.65,50.0
2012-08-01,Dew Point,72.0,55.56,41.0
2012-08-01,Precipitation,0.0,0.0,0.0
2012-08-01,Snowdepth,0.0,0.0,0.0
2012-08-01,Wind,32.0,6.92,0.0
2012-08-01,Gust Wind,38.0,0.69,0.0
2012-08-01,Sea Level Pressure,29.87,29.62,29.31
2012-09-01,Max Temperature,86.0,69.63,57.0
2012-09-01,Avg Temperature,71.73,59.36,50.53
2012-09-01,Min Temperature,59.0,49.97,39.0
2012-09-01,Dew Point,66.0,49.07,0.0
2012-09-01,Precipitation,0.0,0.0,0.0
2012-09-01,Snowdepth,0.0,0.0,0.0
2012-09-01,Wind,33.0,6.34,0.0
2012-09-01,Gust Wind,47.0,0.6,0.0
2012-09-01,Sea Level Pressure,29.96,29.62,29.05
2012-10-01,Max Temperature,68.0,57.35,39.0
2012-10-01,Avg Temperature,60.42,49.68,31.79
2012-10-01,Min Temperature,55.0,42.26,23.0
2012-10-01,Dew Point,57.0,44.46,0.0
2012-10-01,Precipitation,0.0,0.0,0.0
2012-10-01,Snowdepth,0.0,0.0,0.0
2012-10-01,Wind,26.0,6.81,0.0
2012-10-01,Gust Wind,37.0,0.66,0.0
2012-10-01,Sea Level Pressure,29.87,29.53,28.99
2012-11-01,Max Temperature,59.0,48.07,39.0
2012-11-01,Avg Temperature,50.79,43.66,35.64
2012-11-01,Min Temperature,46.0,38.67,27.0
2012-11-01,Dew Point,54.0,38.34,0.0
2012-11-01,Precipitation,0.0,0.0,0.0
2012-11-01,Snowdepth,0.0,0.0,0.0
2012-11-01,Wind,24.0,6.29,0.0
2012-11-01,Gust Wind,35.0,0.93,0.0
2012-11-01,Sea Level Pressure,30.13,29.53,28.76
2012-12-01,Max Temperature,57.0,42.52,30.0
2012-12-01,Avg Temperature,53.21,38.85,24.56
2012-12-01,Min Temperature,50.0,34.65,16.0
2012-12-01,Dew Point,54.0,33.05,0.0
2012-12-01,Precipitation,0.0,0.0,0.0
2012-12-01,Snowdepth,0.0,0.0,0.0
2012-12-01,Wind,26.0,8.76,0.0
2012-12-01,Gust Wind,40.0,1.64,0.0
2012-12-01,Sea Level Pressure,29.93,29.5,29.05
2013-01-01,Max Temperature,57.0,38.45,28.0
2013-01-01,Avg Temperature,51.6,35.34,24.83
2013-01-01,Min Temperature,45.0,31.55,18.0
2013-01-01,Dew Point,52.0,30.13,0.0
2013-01-01,Precipitation,0.0,0.0,0.0
2013-01-01,Snowdepth,0.0,0.0,0.0
2013-01-01,Wind,30.0,8.39,0.0
2013-01-01,Gust Wind,41.0,0.79,0.0
2013-01-01,Sea Level Pressure,30.16,29.57,28.96
2013-02-01,Max Temperature,46.0,37.75,27.0
2013-02-01,Avg Temperature,43.92,34.14,26.33
2013-02-01,Min Temperature,43.0,30.54,23.0
2013-02-01,Dew Point,45.0,24.41,0.0
2013-02-01,Precipitation,0.0,0.0,0.0
2013-02-01,Snowdepth,0.0,0.0,0.0
2013-02-01,Wind,29.0,8.58,0.0
2013-02-01,Gust Wind,40.0,0.56,0.0
2013-02-01,Sea Level Pressure,30.04,29.59,28.85
2013-03-01,Max Temperature,63.0,44.32,28.0
2013-03-01,Avg Temperature,52.94,37.06,25.83
2013-03-01,Min Temperature,45.0,30.19,14.0
2013-03-01,Dew Point,50.0,24.85,0.0
2013-03-01,Precipitation,0.0,0.0,0.0
2013-03-01,Snowdepth,0.0,0.0,0.0
2013-03-01,Wind,22.0,8.8,0.0
2013-03-01,Gust Wind,37.0,0.28,0.0
2013-03-01,Sea Level Pressure,29.9,29.4,28.94
2013-04-01,Max Temperature,77.0,58.7,41.0
2013-04-01,Avg Temperature,65.21,50.56,35.42
2013-04-01,Min Temperature,59.0,43.63,27.0
2013-04-01,Dew Point,59.0,37.45,0.0
2013-04-01,Precipitation,0.0,0.0,0.0
2013-04-01,Snowdepth,0.0,0.0,0.0
2013-04-01,Wind,23.0,8.84,0.0
2013-04-01,Gust Wind,40.0,0.99,0.0
2013-04-01,Sea Level Pressure,29.96,29.58,29.14
2013-05-01,Max Temperature,73.0,62.94,52.0
2013-05-01,Avg Temperature,63.29,55.44,45.5
2013-05-01,Min Temperature,59.0,48.26,36.0
2013-05-01,Dew Point,61.0,47.26,0.0
2013-05-01,Precipitation,0.0,0.0,0.0
2013-05-01,Snowdepth,0.0,0.0,0.0
2013-05-01,Wind,26.0,8.31,0.0
2013-05-01,Gust Wind,38.0,0.84,0.0
2013-05-01,Sea Level Pressure,29.84,29.46,29.02
2013-06-01,Max Temperature,95.0,72.47,61.0
2013-06-01,Avg Temperature,84.63,64.09,55.19
2013-06-01,Min Temperature,73.0,55.23,45.0
2013-06-01,Dew Point,72.0,52.04,34.0
2013-06-01,Precipitation,0.0,0.0,0.0
2013-06-01,Snowdepth,0.0,0.0,0.0
2013-06-01,Wind,36.0,8.19,0.0
2013-06-01,Gust Wind,53.0,0.69,0.0
2013-06-01,Sea Level Pressure,29.96,29.65,29.37
2013-07-01,Max Temperature,97.0,81.55,66.0
2013-07-01,Avg Temperature,83.25,72.13,64.21
2013-07-01,Min Temperature,70.0,61.87,52.0
2013-07-01,Dew Point,70.0,56.2,45.0
2013-07-01,Precipitation,0.0,0.0,0.0
2013-07-01,Snowdepth,0.0,0.0,0.0
2013-07-01,Wind,18.0,7.67,0.0
2013-07-01,Gust Wind,29.0,0.5,0.0
2013-07-01,Sea Level Pressure,30.01,29.7,29.29
2013-08-01,Max Temperature,97.0,78.03,64.0
2013-08-01,Avg Temperature,81.23,67.78,61.21
2013-08-01,Min Temperature,70.0,58.32,48.0
2013-08-01,Dew Point,72.0,54.24,39.0
2013-08-01,Precipitation,0.0,0.0,0.0
2013-08-01,Snowdepth,0.0,0.0,0.0
2013-08-01,Wind,43.0,5.82,0.0
2013-08-01,Gust Wind,61.0,0.29,0.0
2013-08-01,Sea Level Pressure,29.98,29.66,29.43
2013-09-01,Max Temperature,88.0,67.07,57.0
2013-09-01,Avg Temperature,74.52,59.72,50.63
2013-09-01,Min Temperature,63.0,52.93,45.0
2013-09-01,Dew Point,66.0,51.68,37.0
2013-09-01,Precipitation,0.0,0.0,0.0
2013-09-01,Snowdepth,0.0,0.0,0.0
2013-09-01,Wind,18.0,7.58,0.0
2013-09-01,Gust Wind,30.0,0.63,0.0
2013-09-01,Sea Level Pressure,29.98,29.6,28.99
2013-10-01,Max Temperature,75.0,59.97,46.0
2013-10-01,Avg Temperature,62.71,53.71,42.13
2013-10-01,Min Temperature,57.0,47.58,32.0
2013-10-01,Dew Point,61.0,48.23,0.0
2013-10-01,Precipitation,0.0,0.0,0.0
2013-10-01,Snowdepth,0.0,0.0,0.0
2013-10-01,Wind,33.0,7.59,0.0
2013-10-01,Gust Wind,54.0,1.52,0.0
2013-10-01,Sea Level Pressure,29.96,29.62,29.2
2013-11-01,Max Temperature,61.0,46.87,30.0
2013-11-01,Avg Temperature,58.38,42.62,26.81
2013-11-01,Min Temperature,57.0,38.1,23.0
2013-11-01,Dew Point,59.0,37.98,0.0
2013-11-01,Precipitation,0.0,0.0,0.0
2013-11-01,Snowdepth,0.0,0.0,0.0
2013-11-01,Wind,23.0,8.24,0.0
2013-11-01,Gust Wind,38.0,1.22,0.0
2013-11-01,Sea Level Pressure,30.16,29.62,28.79
2013-12-01,Max Temperature,59.0,45.58,37.0
2013-12-01,Avg Temperature,52.81,40.32,33.81
2013-12-01,Min Temperature,46.0,34.87,27.0
2013-12-01,Dew Point,48.0,32.15,0.0
2013-12-01,Precipitation,0.0,0.0,0.0
2013-12-01,Snowdepth,0.0,0.0,0.0
2013-12-01,Wind,36.0,7.6,0.0
2013-12-01,Gust Wind,51.0,1.52,0.0
2013-12-01,Sea Level Pressure,30.19,29.77,28.88
2014-01-01,Max Temperature,55.0,44.81,37.0
2014-01-01,Avg Temperature,51.17,40.53,33.6
2014-01-01,Min Temperature,45.0,35.55,28.0
2014-01-01,Dew Point,50.0,34.88,0.0
2014-01-01,Precipitation,0.0,0.0,0.0
2014-01-01,Snowdepth,0.0,0.0,0.0
2014-01-01,Wind,23.0,6.72,0.0
2014-01-01,Gust Wind,35.0,0.93,0.0
2014-01-01,Sea Level Pressure,29.9,29.42,28.94
2014-02-01,Max Temperature,57.0,48.79,41.0
2014-02-01,Avg Temperature,47.35,42.42,35.75
2014-02-01,Min Temperature,43.0,35.64,28.0
2014-02-01,Dew Point,46.0,32.5,0.0
2014-02-01,Precipitation,0.0,0.0,0.0
2014-02-01,Snowdepth,0.0,0.0,0.0
2014-02-01,Wind,28.0,8.01,0.0
2014-02-01,Gust Wind,46.0,1.98,0.0
2014-02-01,Sea Level Pressure,29.81,29.39,28.91
2014-03-01,Max Temperature,72.0,58.52,46.0
2014-03-01,Avg Temperature,56.75,48.1,38.44
2014-03-01,Min Temperature,48.0,38.0,28.0
2014-03-01,Dew Point,48.0,34.47,0.0
2014-03-01,Precipitation,0.0,0.0,0.0
2014-03-01,Snowdepth,0.0,0.0,0.0
2014-03-01,Wind,30.0,7.05,0.0
2014-03-01,Gust Wind,41.0,0.56,0.0
2014-03-01,Sea Level Pressure,30.13,29.63,28.91
2014-04-01,Max Temperature,77.0,65.53,50.0
2014-04-01,Avg Temperature,65.58,56.44,45.04
2014-04-01,Min Temperature,57.0,47.43,32.0
2014-04-01,Dew Point,57.0,43.09,23.0
2014-04-01,Precipitation,0.0,0.0,0.0
2014-04-01,Snowdepth,0.0,0.0,0.0
2014-04-01,Wind,28.0,7.26,0.0
2014-04-01,Gust Wind,39.0,0.57,0.0
2014-04-01,Sea Level Pressure,30.01,29.55,29.2
2014-05-01,Max Temperature,84.0,66.61,55.0
2014-05-01,Avg Temperature,70.04,57.78,48.31
2014-05-01,Min Temperature,59.0,48.48,32.0
2014-05-01,Dew Point,61.0,46.65,30.0
2014-05-01,Precipitation,0.0,0.0,0.0
2014-05-01,Snowdepth,0.0,0.0,0.0
2014-05-01,Wind,31.0,8.2,0.0
2014-05-01,Gust Wind,40.0,0.43,0.0
2014-05-01,Sea Level Pressure,30.1,29.6,29.31
2014-06-01,Max Temperature,95.0,75.23,66.0
2014-06-01,Avg Temperature,79.98,65.45,59.0
2014-06-01,Min Temperature,66.0,54.77,46.0
2014-06-01,Dew Point,68.0,50.17,36.0
2014-06-01,Precipitation,0.0,0.0,0.0
2014-06-01,Snowdepth,0.0,0.0,0.0
2014-06-01,Wind,20.0,7.21,0.0
2014-06-01,Gust Wind,30.0,0.39,0.0
2014-06-01,Sea Level Pressure,29.9,29.64,29.29
2014-07-01,Max Temperature,93.0,79.55,57.0
2014-07-01,Avg Temperature,79.38,70.0,55.48
2014-07-01,Min Temperature,68.0,61.32,48.0
2014-07-01,Dew Point,70.0,57.93,39.0
2014-07-01,Precipitation,0.0,0.0,0.0
2014-07-01,Snowdepth,0.0,0.0,0.0
2014-07-01,Wind,29.0,6.74,0.0
2014-07-01,Gust Wind,43.0,0.32,0.0
2014-07-01,Sea Level Pressure,29.84,29.53,29.31
2014-08-01,Max Temperature,82.0,71.65,61.0
2014-08-01,Avg Temperature,71.31,63.48,56.08
2014-08-01,Min Temperature,66.0,56.03,46.0
2014-08-01,Dew Point,70.0,54.66,39.0
2014-08-01,Precipitation,0.0,0.0,0.0
2014-08-01,Snowdepth,0.0,0.0,0.0
2014-08-01,Wind,25.0,7.17,0.0
2014-08-01,Gust Wind,33.0,0.86,0.0
2014-08-01,Sea Level Pressure,29.72,29.54,29.26
2014-09-01,Max Temperature,79.0,69.4,59.0
2014-09-01,Avg Temperature,68.1,62.08,50.81
2014-09-01,Min Temperature,63.0,55.03,43.0
2014-09-01,Dew Point,66.0,56.05,41.0
2014-09-01,Precipitation,0.0,0.0,0.0
2014-09-01,Snowdepth,0.0,0.0,0.0
2014-09-01,Wind,21.0,6.24,0.0
2014-09-01,Gust Wind,37.0,0.06,0.0
2014-09-01,Sea Level Pressure,29.98,29.67,29.46
2014-10-01,Max Temperature,72.0,61.77,46.0
2014-10-01,Avg Temperature,61.98,55.17,45.27
2014-10-01,Min Temperature,59.0,49.61,39.0
2014-10-01,Dew Point,64.0,51.95,37.0
2014-10-01,Precipitation,0.0,0.0,0.0
2014-10-01,Snowdepth,0.0,0.0,0.0
2014-10-01,Wind,36.0,5.31,0.0
2014-10-01,Gust Wind,49.0,0.57,0.0
2014-10-01,Sea Level Pressure,29.98,29.64,29.17
2014-11-01,Max Temperature,59.0,49.1,39.0
2014-11-01,Avg Temperature,55.06,45.52,38.5
2014-11-01,Min Temperature,50.0,41.73,32.0
2014-11-01,Dew Point,54.0,42.59,30.0
2014-11-01,Precipitation,0.0,0.0,0.0
2014-11-01,Snowdepth,0.0,0.0,0.0
2014-11-01,Wind,17.0,6.34,0.0
2014-11-01,Gust Wind,0.0,0.0,0.0
2014-11-01,Sea Level Pressure,29.93,29.5,28.99
2014-12-01,Max Temperature,57.0,42.77,28.0
2014-12-01,Avg Temperature,51.15,39.02,26.08
2014-12-01,Min Temperature,45.0,34.65,19.0
2014-12-01,Dew Point,52.0,35.23,10.0
2014-12-01,Precipitation,0.0,0.0,0.0
2014-12-01,Snowdepth,0.0,0.0,0.0
2014-12-01,Wind,28.0,9.93,0.0
2014-12-01,Gust Wind,38.0,0.66,0.0
2014-12-01,Sea Level Pressure,30.19,29.7,29.02
2015-01-01,Max Temperature,61.0,41.74,28.0
2015-01-01,Avg Temperature,55.31,37.65,27.38
2015-01-01,Min Temperature,43.0,32.84,25.0
2015-01-01,Dew Point,54.0,33.48,23.0
2015-01-01,Precipitation,0.0,0.0,0.0
2015-01-01,Snowdepth,0.0,0.0,0.0
2015-01-01,Wind,32.0,9.38,0.0
2015-01-01,Gust Wind,47.0,0.98,0.0
2015-01-01,Sea Level Pressure,30.25,29.62,28.32
2015-02-01,Max Temperature,52.0,41.18,34.0
2015-02-01,Avg Temperature,42.52,36.06,29.88
2015-02-01,Min Temperature,37.0,31.21,23.0
2015-02-01,Dew Point,39.0,29.84,12.0
2015-02-01,Precipitation,0.0,0.0,0.0
2015-02-01,Snowdepth,0.0,0.0,0.0
2015-02-01,Wind,24.0,7.21,0.0
2015-02-01,Gust Wind,36.0,0.18,0.0
2015-02-01,Sea Level Pressure,30.33,29.64,28.73
2015-03-01,Max Temperature,64.0,52.97,43.0
2015-03-01,Avg Temperature,53.35,44.3,38.13
2015-03-01,Min Temperature,48.0,35.42,27.0
2015-03-01,Dew Point,48.0,34.47,19.0
2015-03-01,Precipitation,0.0,0.0,0.0
2015-03-01,Snowdepth,0.0,0.0,0.0
2015-03-01,Wind,38.0,9.33,0.0
2015-03-01,Gust Wind,56.0,1.46,0.0
2015-03-01,Sea Level Pressure,30.25,29.72,28.99
2015-04-01,Max Temperature,77.0,61.67,46.0
2015-04-01,Avg Temperature,61.85,50.99,40.19
2015-04-01,Min Temperature,50.0,38.83,28.0
2015-04-01,Dew Point,55.0,35.97,16.0
2015-04-01,Precipitation,0.0,0.0,0.0
2015-04-01,Snowdepth,0.0,0.0,0.0
2015-04-01,Wind,46.0,7.81,0.0
2015-04-01,Gust Wind,46.0,0.74,0.0
2015-04-01,Sea Level Pressure,30.22,29.73,29.17
2015-05-01,Max Temperature,84.0,67.9,54.0
2015-05-01,Avg Temperature,66.25,58.19,48.88
2015-05-01,Min Temperature,57.0,46.23,0.0
2015-05-01,Dew Point,61.0,43.81,0.0
2015-05-01,Precipitation,0.0,0.0,0.0
2015-05-01,Snowdepth,0.0,0.0,0.0
2015-05-01,Wind,26.0,7.55,0.0
2015-05-01,Gust Wind,39.0,0.61,0.0
2015-05-01,Sea Level Pressure,29.93,29.58,0.0
2015-06-01,Max Temperature,91.0,73.6,59.0
2015-06-01,Avg Temperature,76.4,64.69,54.54
2015-06-01,Min Temperature,66.0,55.53,46.0
2015-06-01,Dew Point,66.0,49.63,27.0
2015-06-01,Precipitation,0.0,0.0,0.0
2015-06-01,Snowdepth,0.0,0.0,0.0
2015-06-01,Wind,24.0,8.86,0.0
2015-06-01,Gust Wind,36.0,0.68,0.0
2015-06-01,Sea Level Pressure,29.93,29.68,29.29
2015-07-01,Max Temperature,100.0,82.94,68.0
2015-07-01,Avg Temperature,86.13,72.23,59.54
2015-07-01,Min Temperature,75.0,61.65,45.0
2015-07-01,Dew Point,68.0,53.51,30.0
2015-07-01,Precipitation,0.0,0.0,0.0
2015-07-01,Snowdepth,0.0,0.0,0.0
2015-07-01,Wind,37.0,9.01,0.0
2015-07-01,Gust Wind,54.0,1.45,0.0
2015-07-01,Sea Level Pressure,29.87,29.58,29.23
2015-08-01,Max Temperature,102.0,82.03,63.0
2015-08-01,Avg Temperature,84.77,71.19,59.92
2015-08-01,Min Temperature,72.0,61.61,50.0
2015-08-01,Dew Point,68.0,55.76,37.0
2015-08-01,Precipitation,0.0,0.0,0.0
2015-08-01,Snowdepth,0.0,0.0,0.0
2015-08-01,Wind,29.0,7.64,0.0
2015-08-01,Gust Wind,46.0,0.36,0.0
2015-08-01,Sea Level Pressure,29.87,29.59,29.29
2015-09-01,Max Temperature,79.0,66.37,59.0
2015-09-01,Avg Temperature,67.0,58.34,54.17
2015-09-01,Min Temperature,59.0,51.13,46.0
2015-09-01,Dew Point,66.0,48.81,34.0
2015-09-01,Precipitation,0.0,0.0,0.0
2015-09-01,Snowdepth,0.0,0.0,0.0
2015-09-01,Wind,23.0,8.54,0.0
2015-09-01,Gust Wind,30.0,0.27,0.0
2015-09-01,Sea Level Pressure,30.19,29.66,29.02
2015-10-01,Max Temperature,68.0,56.19,41.0
2015-10-01,Avg Temperature,61.52,49.71,40.0
2015-10-01,Min Temperature,57.0,43.48,34.0
2015-10-01,Dew Point,63.0,43.75,28.0
2015-10-01,Precipitation,0.0,0.0,0.0
2015-10-01,Snowdepth,0.0,0.0,0.0
2015-10-01,Wind,21.0,6.51,0.0
2015-10-01,Gust Wind,25.0,0.1,0.0
2015-10-01,Sea Level Pressure,30.04,29.68,29.26
2015-11-01,Max Temperature,66.0,52.13,34.0
2015-11-01,Avg Temperature,61.04,46.67,32.54
2015-11-01,Min Temperature,57.0,40.97,27.0
2015-11-01,Dew Point,61.0,42.15,27.0
2015-11-01,Precipitation,0.0,0.0,0.0
2015-11-01,Snowdepth,0.0,0.0,0.0
2015-11-01,Wind,31.0,9.58,0.0
2015-11-01,Gust Wind,46.0,1.06,0.0
2015-11-01,Sea Level Pressure,30.07,29.69,28.99
2015-12-01,Max Temperature,57.0,49.71,37.0
2015-12-01,Avg Temperature,53.44,44.83,35.4
2015-12-01,Min Temperature,52.0,38.87,28.0
2015-12-01,Dew Point,54.0,41.46,28.0
2015-12-01,Precipitation,0.0,0.0,0.0
2015-12-01,Snowdepth,0.0,0.0,0.0
2015-12-01,Wind,25.0,7.01,0.0
2015-12-01,Gust Wind,32.0,0.04,0.0
2015-12-01,Sea Level Pressure,30.28,29.92,29.64
2016-01-01,Max Temperature,55.0,42.42,23.0
2016-01-01,Avg Temperature,51.5,37.86,21.46
2016-01-01,Min Temperature,48.0,32.97,19.0
2016-01-01,Dew Point,48.0,33.88,18.0
2016-01-01,Precipitation,0.0,0.0,0.0
2016-01-01,Snowdepth,0.0,0.0,0.0
2016-01-01,Wind,26.0,8.26,1.0
2016-01-01,Gust Wind,38.0,0.37,0.0
2016-01-01,Sea Level Pressure,30.19,29.51,0.0
2016-02-01,Max Temperature,57.0,45.62,36.0
2016-02-01,Avg Temperature,54.56,40.66,32.81
2016-02-01,Min Temperature,52.0,35.34,27.0
2016-02-01,Dew Point,50.0,34.14,21.0
2016-02-01,Precipitation,0.0,0.0,0.0
2016-02-01,Snowdepth,0.0,0.0,0.0
2016-02-01,Wind,32.0,11.08,0.0
2016-02-01,Gust Wind,47.0,1.63,0.0
2016-02-01,Sea Level Pressure,30.19,29.47,28.62
2016-03-01,Max Temperature,59.0,48.65,39.0
2016-03-01,Avg Temperature,48.73,42.0,32.81
2016-03-01,Min Temperature,45.0,35.03,27.0
2016-03-01,Dew Point,46.0,33.66,18.0
2016-03-01,Precipitation,0.0,0.0,0.0
2016-03-01,Snowdepth,0.0,0.0,0.0
2016-03-01,Wind,28.0,8.83,0.0
2016-03-01,Gust Wind,43.0,0.42,0.0
2016-03-01,Sea Level Pressure,30.1,29.56,28.94
2016-04-01,Max Temperature,70.0,58.1,46.0
2016-04-01,Avg Temperature,57.38,49.06,38.94
2016-04-01,Min Temperature,52.0,40.07,30.0
2016-04-01,Dew Point,54.0,37.59,21.0
2016-04-01,Precipitation,0.0,0.0,0.0
2016-04-01,Snowdepth,0.0,0.0,0.0
2016-04-01,Wind,26.0,8.13,0.0
2016-04-01,Gust Wind,39.0,0.6,0.0
2016-04-01,Sea Level Pressure,30.04,29.51,29.17
2016-05-01,Max Temperature,81.0,68.58,55.0
2016-05-01,Avg Temperature,67.69,59.18,48.63
2016-05-01,Min Temperature,59.0,49.68,32.0
2016-05-01,Dew Point,63.0,45.7,23.0
2016-05-01,Precipitation,0.0,0.0,0.0
2016-05-01,Snowdepth,0.0,0.0,0.0
2016-05-01,Wind,24.0,8.17,0.0
2016-05-01,Gust Wind,37.0,0.56,0.0
2016-05-01,Sea Level Pressure,29.98,29.53,29.05
2016-06-01,Max Temperature,93.0,73.13,63.0
2016-06-01,Avg Temperature,79.42,64.53,57.9
2016-06-01,Min Temperature,68.0,56.47,45.0
2016-06-01,Dew Point,70.0,56.22,43.0
2016-06-01,Precipitation,0.0,0.0,0.0
2016-06-01,Snowdepth,0.0,0.0,0.0
2016-06-01,Wind,28.0,6.53,0.0
2016-06-01,Gust Wind,43.0,0.35,0.0
2016-06-01,Sea Level Pressure,29.87,29.54,29.11
2016-07-01,Max Temperature,95.0,78.68,68.0
2016-07-01,Avg Temperature,80.85,68.98,58.9
2016-07-01,Min Temperature,68.0,59.26,50.0
2016-07-01,Dew Point,68.0,56.66,39.0
2016-07-01,Precipitation,0.0,0.0,0.0
2016-07-01,Snowdepth,0.0,0.0,0.0
2016-07-01,Wind,21.0,6.66,0.0
2016-07-01,Gust Wind,33.0,0.56,0.0
2016-07-01,Sea Level Pressure,29.9,29.64,29.4
2016-08-01,Max Temperature,95.0,78.13,64.0
2016-08-01,Avg Temperature,80.85,67.81,55.98
2016-08-01,Min Temperature,68.0,58.1,43.0
2016-08-01,Dew Point,66.0,55.38,39.0
2016-08-01,Precipitation,0.0,0.0,0.0
2016-08-01,Snowdepth,0.0,0.0,0.0
2016-08-01,Wind,20.0,7.21,0.0
2016-08-01,Gust Wind,35.0,0.34,0.0
2016-08-01,Sea Level Pressure,29.98,29.7,29.4
2016-09-01,Max Temperature,91.0,76.93,64.0
2016-09-01,Avg Temperature,76.65,65.99,57.4
2016-09-01,Min Temperature,66.0,55.93,46.0
2016-09-01,Dew Point,64.0,53.87,41.0
2016-09-01,Precipitation,0.0,0.0,0.0
2016-09-01,Snowdepth,0.0,0.0,0.0
2016-09-01,Wind,22.0,6.44,0.0
2016-09-01,Gust Wind,28.0,0.16,0.0
2016-09-01,Sea Level Pressure,29.96,29.67,29.43
2016-10-01,Max Temperature,64.0,55.94,48.0
2016-10-01,Avg Temperature,58.0,49.77,44.85
2016-10-01,Min Temperature,54.0,43.84,37.0
2016-10-01,Dew Point,61.0,44.75,36.0
2016-10-01,Precipitation,0.0,0.0,0.0
2016-10-01,Snowdepth,0.0,0.0,0.0
2016-10-01,Wind,23.0,6.93,0.0
2016-10-01,Gust Wind,28.0,0.09,0.0
2016-10-01,Sea Level Pressure,30.16,29.75,29.26
2016-11-01,Max Temperature,59.0,46.83,37.0
2016-11-01,Avg Temperature,51.58,41.55,27.85
2016-11-01,Min Temperature,48.0,36.27,18.0
2016-11-01,Dew Point,48.0,36.42,16.0
2016-11-01,Precipitation,0.0,0.0,0.0
2016-11-01,Snowdepth,0.0,0.0,0.0
2016-11-01,Wind,22.0,7.63,0.0
2016-11-01,Gust Wind,36.0,0.24,0.0
2016-11-01,Sea Level Pressure,30.16,29.6,29.08
2016-12-01,Max Temperature,52.0,40.48,27.0
2016-12-01,Avg Temperature,47.17,36.44,25.79
2016-12-01,Min Temperature,46.0,32.42,21.0
2016-12-01,Dew Point,45.0,32.65,18.0
2016-12-01,Precipitation,0.0,0.0,0.0
2016-12-01,Snowdepth,0.0,0.0,0.0
2016-12-01,Wind,22.0,6.66,0.0
2016-12-01,Gust Wind,36.0,0.16,0.0
2016-12-01,Sea Level Pressure,30.45,30.03,29.64
2017-01-01,Max Temperature,43.0,35.48,27.0
2017-01-01,Avg Temperature,39.54,30.31,19.83
2017-01-01,Min Temperature,37.0,25.13,9.0
2017-01-01,Dew Point,41.0,24.09,7.0
2017-01-01,Precipitation,0.0,0.0,0.0
2017-01-01,Snowdepth,0.0,0.0,0.0
2017-01-01,Wind,43.0,7.76,0.0
2017-01-01,Gust Wind,61.0,0.56,0.0
2017-01-01,Sea Level Pressure,30.36,29.82,28.76
2017-02-01,Max Temperature,59.0,48.29,36.0
2017-02-01,Avg Temperature,51.92,41.42,32.4
2017-02-01,Min Temperature,50.0,34.82,25.0
2017-02-01,Dew Point,48.0,33.89,21.0
2017-02-01,Precipitation,0.0,0.0,0.0
2017-02-01,Snowdepth,0.0,0.0,0.0
2017-02-01,Wind,30.0,9.19,0.0
2017-02-01,Gust Wind,43.0,0.95,0.0
2017-02-01,Sea Level Pressure,30.19,29.64,28.88
2017-03-01,Max Temperature,75.0,58.35,46.0
2017-03-01,Avg Temperature,60.52,48.86,40.48
2017-03-01,Min Temperature,52.0,40.0,32.0
2017-03-01,Dew Point,52.0,37.52,25.0
2017-03-01,Precipitation,0.0,0.0,0.0
2017-03-01,Snowdepth,0.0,0.0,0.0
2017-03-01,Wind,29.0,9.15,0.0
2017-03-01,Gust Wind,45.0,0.67,0.0
2017-03-01,Sea Level Pressure,30.1,29.63,28.85
2017-04-01,Max Temperature,73.0,59.33,45.0
2017-04-01,Avg Temperature,57.06,49.53,40.04
2017-04-01,Min Temperature,46.0,39.0,27.0
2017-04-01,Dew Point,46.0,35.08,18.0
2017-04-01,Precipitation,0.0,0.0,0.0
2017-04-01,Snowdepth,0.0,0.0,0.0
2017-04-01,Wind,23.0,7.65,0.0
2017-04-01,Gust Wind,37.0,0.93,0.0
2017-04-01,Sea Level Pressure,30.19,29.72,29.29
2017-05-01,Max Temperature,91.0,70.55,50.0
2017-05-01,Avg Temperature,76.96,60.77,47.4
2017-05-01,Min Temperature,64.0,51.03,36.0
2017-05-01,Dew Point,68.0,49.58,28.0
2017-05-01,Precipitation,0.0,0.0,0.0
2017-05-01,Snowdepth,0.0,0.0,0.0
2017-05-01,Wind,22.0,6.67,0.0
2017-05-01,Gust Wind,33.0,0.29,0.0
2017-05-01,Sea Level Pressure,30.01,29.62,29.05
2017-06-01,Max Temperature,95.0,79.0,64.0
2017-06-01,Avg Temperature,79.75,68.62,57.13
2017-06-01,Min Temperature,70.0,57.8,45.0
2017-06-01,Dew Point,66.0,53.38,39.0
2017-06-01,Precipitation,0.0,0.0,0.0
2017-06-01,Snowdepth,0.0,0.0,0.0
2017-06-01,Wind,31.0,8.37,1.0
2017-06-01,Gust Wind,48.0,0.8,0.0
2017-06-01,Sea Level Pressure,29.9,29.56,28.99
2017-07-01,Max Temperature,93.0,78.23,61.0
2017-07-01,Avg Temperature,79.21,68.7,58.55
2017-07-01,Min Temperature,70.0,59.52,48.0
2017-07-01,Dew Point,68.0,57.17,43.0
2017-07-01,Precipitation,0.0,0.0,0.0
2017-07-01,Snowdepth,0.0,0.0,0.0
2017-07-01,Wind,28.0,8.16,0.0
2017-07-01,Gust Wind,40.0,1.32,0.0
2017-07-01,Sea Level Pressure,29.84,29.56,29.29
2017-08-01,Max Temperature,86.0,76.52,61.0
2017-08-01,Avg Temperature,73.85,67.18,58.34
2017-08-01,Min Temperature,64.0,58.61,48.0
2017-08-01,Dew Point,70.0,57.33,43.0
2017-08-01,Precipitation,0.0,0.0,0.0
2017-08-01,Snowdepth,0.0,0.0,0.0
2017-08-01,Wind,46.0,7.02,1.0
2017-08-01,Gust Wind,63.0,0.85,0.0
2017-08-01,Sea Level Pressure,29.87,29.64,29.37
2017-09-01,Max Temperature,75.0,66.63,59.0
2017-09-01,Avg Temperature,66.44,57.47,49.31
2017-09-01,Min Temperature,59.0,50.13,39.0
2017-09-01,Dew Point,63.0,50.3,39.0
2017-09-01,Precipitation,0.0,0.0,0.0
2017-09-01,Snowdepth,0.0,0.0,0.0
2017-09-01,Wind,28.0,7.08,0.0
2017-09-01,Gust Wind,40.0,0.28,0.0
2017-09-01,Sea Level Pressure,29.84,29.59,29.05
2017-10-01,Max Temperature,72.0,61.16,52.0
2017-10-01,Avg Temperature,58.77,53.02,41.6
2017-10-01,Min Temperature,54.0,45.65,30.0
2017-10-01,Dew Point,59.0,47.81,28.0
2017-10-01,Precipitation,0.0,0.0,0.0
2017-10-01,Snowdepth,0.0,0.0,0.0
2017-10-01,Wind,26.0,7.53,0.0
2017-10-01,Gust Wind,39.0,0.54,0.0
2017-10-01,Sea Level Pressure,30.01,29.73,29.29
2017-11-01,Max Temperature,59.0,47.77,39.0
2017-11-01,Avg Temperature,52.4,42.53,35.19
2017-11-01,Min Temperature,46.0,37.07,30.0
2017-11-01,Dew Point,52.0,38.67,28.0
2017-11-01,Precipitation,0.0,0.0,0.0
2017-11-01,Snowdepth,0.0,0.0,0.0
2017-11-01,Wind,24.0,7.51,1.0
2017-11-01,Gust Wind,37.0,0.08,0.0
2017-11-01,Sea Level Pressure,29.96,29.61,29.11
2017-12-01,Max Temperature,57.0,42.55,32.0
2017-12-01,Avg Temperature,54.13,38.77,29.67
2017-12-01,Min Temperature,50.0,34.81,25.0
2017-12-01,Dew Point,50.0,35.02,23.0
2017-12-01,Precipitation,0.0,0.0,0.0
2017-12-01,Snowdepth,0.0,0.0,0.0
2017-12-01,Wind,29.0,9.25,0.0
2017-12-01,Gust Wind,41.0,0.45,0.0
2017-12-01,Sea Level Pressure,30.19,29.57,28.53
2018-01-01,Max Temperature,54.0,46.97,39.0
2018-01-01,Avg Temperature,49.04,42.59,34.77
2018-01-01,Min Temperature,46.0,38.45,27.0
2018-01-01,Dew Point,48.0,37.57,25.0
2018-01-01,Precipitation,0.0,0.0,0.0
2018-01-01,Snowdepth,0.0,0.0,0.0
2018-01-01,Wind,35.0,10.43,0.0
2018-01-01,Gust Wind,53.0,1.25,0.0
2018-01-01,Sea Level Pressure,30.13,29.54,28.79
2018-02-01,Max Temperature,48.0,37.71,27.0
2018-02-01,Avg Temperature,38.35,31.96,20.79
2018-02-01,Min Temperature,32.0,26.32,14.0
2018-02-01,Dew Point,39.0,22.97,0.0
2018-02-01,Precipitation,0.0,0.0,0.0
2018-02-01,Snowdepth,0.0,0.0,0.0
2018-02-01,Wind,28.0,9.82,0.0
2018-02-01,Gust Wind,37.0,0.18,0.0
2018-02-01,Sea Level Pressure,29.96,29.64,29.17
2018-03-01,Max Temperature,57.0,47.97,32.0
2018-03-01,Avg Temperature,50.65,40.59,26.56
2018-03-01,Min Temperature,46.0,33.32,19.0
2018-03-01,Dew Point,50.0,32.25,3.0
2018-03-01,Precipitation,0.0,0.0,0.0
2018-03-01,Snowdepth,0.0,0.0,0.0
2018-03-01,Wind,24.0,9.02,0.0
2018-03-01,Gust Wind,37.0,0.24,0.0
2018-03-01,Sea Level Pressure,29.98,29.28,28.85
2018-04-01,Max Temperature,82.0,68.53,52.0
2018-04-01,Avg Temperature,69.79,57.7,45.35
2018-04-01,Min Temperature,59.0,46.23,30.0
2018-04-01,Dew Point,61.0,43.84,27.0
2018-04-01,Precipitation,0.0,0.0,0.0
2018-04-01,Snowdepth,0.0,0.0,0.0
2018-04-01,Wind,29.0,7.96,0.0
2018-04-01,Gust Wind,41.0,0.56,0.0
2018-04-01,Sea Level Pressure,30.04,29.5,28.99
2018-05-01,Max Temperature,90.0,75.39,57.0
2018-05-01,Avg Temperature,77.25,64.78,48.77
2018-05-01,Min Temperature,68.0,54.71,36.0
2018-05-01,Dew Point,68.0,49.57,30.0
2018-05-01,Precipitation,0.0,0.0,0.0
2018-05-01,Snowdepth,0.0,0.0,0.0
2018-05-01,Wind,29.0,8.95,0.0
2018-05-01,Gust Wind,32.0,0.44,0.0
2018-05-01,Sea Level Pressure,29.84,29.58,29.26
2018-06-01,Max Temperature,88.0,77.83,63.0
2018-06-01,Avg Temperature,78.21,69.04,57.15
2018-06-01,Min Temperature,68.0,59.27,46.0
2018-06-01,Dew Point,66.0,53.86,36.0
2018-06-01,Precipitation,0.0,0.0,0.0
2018-06-01,Snowdepth,0.0,0.0,0.0
2018-06-01,Wind,32.0,8.66,1.0
2018-06-01,Gust Wind,49.0,0.73,0.0
2018-06-01,Sea Level Pressure,29.93,29.63,29.37
2018-07-01,Max Temperature,99.0,85.13,68.0
2018-07-01,Avg Temperature,83.98,73.78,61.4
2018-07-01,Min Temperature,72.0,61.61,54.0
2018-07-01,Dew Point,66.0,51.9,27.0
2018-07-01,Precipitation,0.0,0.0,0.0
2018-07-01,Snowdepth,0.0,0.0,0.0
2018-07-01,Wind,23.0,7.15,0.0
2018-07-01,Gust Wind,33.0,0.46,0.0
2018-07-01,Sea Level Pressure,29.81,29.59,29.4
2018-08-01,Max Temperature,97.0,83.35,68.0
2018-08-01,Avg Temperature,87.75,71.89,58.33
2018-08-01,Min Temperature,75.0,60.42,43.0
2018-08-01,Dew Point,68.0,53.41,37.0
2018-08-01,Precipitation,0.0,0.0,0.0
2018-08-01,Snowdepth,0.0,0.0,0.0
2018-08-01,Wind,39.0,7.5,0.0
2018-08-01,Gust Wind,58.0,0.4,0.0
2018-08-01,Sea Level Pressure,29.84,29.62,29.37
2018-09-01,Max Temperature,88.0,74.6,61.0
2018-09-01,Avg Temperature,71.98,61.95,49.13
2018-09-01,Min Temperature,63.0,50.77,37.0
2018-09-01,Dew Point,66.0,48.07,30.0
2018-09-01,Precipitation,0.0,0.0,0.0
2018-09-01,Snowdepth,0.0,0.0,0.0
2018-09-01,Wind,31.0,6.91,0.0
2018-09-01,Gust Wind,44.0,0.59,0.0
2018-09-01,Sea Level Pressure,30.28,29.75,29.2
2018-10-01,Max Temperature,81.0,64.19,45.0
2018-10-01,Avg Temperature,64.75,54.21,43.4
2018-10-01,Min Temperature,55.0,45.19,32.0
2018-10-01,Dew Point,57.0,45.44,32.0
2018-10-01,Precipitation,0.0,0.0,0.0
2018-10-01,Snowdepth,0.0,0.0,0.0
2018-10-01,Wind,24.0,7.79,0.0
2018-10-01,Gust Wind,39.0,0.52,0.0
2018-10-01,Sea Level Pressure,30.1,29.66,28.7
2018-11-01,Max Temperature,64.0,50.1,39.0
2018-11-01,Avg Temperature,55.4,44.66,35.56
2018-11-01,Min Temperature,50.0,39.07,28.0
2018-11-01,Dew Point,55.0,39.05,10.0
2018-11-01,Precipitation,0.0,0.0,0.0
2018-11-01,Snowdepth,0.0,0.0,0.0
2018-11-01,Wind,26.0,7.69,0.0
2018-11-01,Gust Wind,31.0,0.09,0.0
2018-11-01,Sea Level Pressure,30.04,29.65,29.31
2018-12-01,Max Temperature,55.0,44.39,30.0
2018-12-01,Avg Temperature,52.54,40.57,28.17
2018-12-01,Min Temperature,50.0,36.1,25.0
2018-12-01,Dew Point,54.0,36.46,19.0
2018-12-01,Precipitation,0.0,0.0,0.0
2018-12-01,Snowdepth,0.0,0.0,0.0
2018-12-01,Wind,29.0,9.15,0.0
2018-12-01,Gust Wind,41.0,0.65,0.0
2018-12-01,Sea Level Pressure,30.19,29.72,29.05
2019-01-01,Max Temperature,50.0,39.84,28.0
2019-01-01,Avg Temperature,45.29,35.86,22.75
2019-01-01,Min Temperature,43.0,31.06,14.0
2019-01-01,Dew Point,46.0,30.34,10.0
2019-01-01,Precipitation,0.0,0.0,0.0
2019-01-01,Snowdepth,0.0,0.0,0.0
2019-01-01,Wind,25.0,9.83,0.0
2019-01-01,Gust Wind,41.0,0.79,0.0
2019-01-01,Sea Level Pressure,30.25,29.58,28.76
2019-02-01,Max Temperature,66.0,50.68,39.0
2019-02-01,Avg Temperature,50.04,40.2,32.02
2019-02-01,Min Temperature,43.0,31.11,25.0
2019-02-01,Dew Point,45.0,31.79,12.0
2019-02-01,Precipitation,0.0,0.0,0.0
2019-02-01,Snowdepth,0.0,0.0,0.0
2019-02-01,Wind,25.0,6.45,0.0
2019-02-01,Gust Wind,38.0,0.21,0.0
2019-02-01,Sea Level Pressure,30.31,29.82,28.82
2019-03-01,Max Temperature,68.0,55.03,46.0
2019-03-01,Avg Temperature,53.46,47.07,39.0
2019-03-01,Min Temperature,48.0,38.1,28.0
2019-03-01,Dew Point,52.0,36.48,21.0
2019-03-01,Precipitation,0.0,0.0,0.0
2019-03-01,Snowdepth,0.0,0.0,0.0
2019-03-01,Wind,40.0,11.17,0.0
2019-03-01,Gust Wind,59.0,2.84,0.0
2019-03-01,Sea Level Pressure,30.16,29.65,28.96
2019-04-01,Max Temperature,79.0,62.7,45.0
2019-04-01,Avg Temperature,65.88,53.14,39.96
2019-04-01,Min Temperature,54.0,43.93,34.0
2019-04-01,Dew Point,50.0,38.28,23.0
2019-04-01,Precipitation,0.0,0.0,0.0
2019-04-01,Snowdepth,0.0,0.0,0.0
2019-04-01,Wind,35.0,9.35,0.0
2019-04-01,Gust Wind,53.0,0.54,0.0
2019-04-01,Sea Level Pressure,29.98,29.55,29.05
2019-05-01,Max Temperature,77.0,63.65,48.0
2019-05-01,Avg Temperature,66.6,54.92,42.85
2019-05-01,Min Temperature,55.0,45.42,30.0
2019-05-01,Dew Point,59.0,43.4,23.0
2019-05-01,Precipitation,0.0,0.0,0.0
2019-05-01,Snowdepth,0.0,0.0,0.0
2019-05-01,Wind,21.0,8.11,0.0
2019-05-01,Gust Wind,33.0,0.76,0.0
2019-05-01,Sea Level Pressure,30.22,29.57,29.08
2019-06-01,Max Temperature,102.0,82.63,68.0
2019-06-01,Avg Temperature,84.23,70.58,59.5
2019-06-01,Min Temperature,72.0,58.47,45.0
2019-06-01,Dew Point,68.0,54.72,36.0
2019-06-01,Precipitation,0.0,0.0,0.0
2019-06-01,Snowdepth,0.0,0.0,0.0
2019-06-01,Wind,28.0,7.9,1.0
2019-06-01,Gust Wind,36.0,0.45,0.0
2019-06-01,Sea Level Pressure,29.87,29.6,29.17
2019-07-01,Max Temperature,104.0,81.29,68.0
2019-07-01,Avg Temperature,89.27,70.95,59.63
2019-07-01,Min Temperature,79.0,60.19,45.0
2019-07-01,Dew Point,70.0,52.42,30.0
2019-07-01,Precipitation,0.0,0.0,0.0
2019-07-01,Snowdepth,0.0,0.0,0.0
2019-07-01,Wind,20.0,7.4,0.0
2019-07-01,Gust Wind,31.0,0.74,0.0
2019-07-01,Sea Level Pressure,29.84,29.58,29.11
2019-08-01,Max Temperature,91.0,80.61,70.0
2019-08-01,Avg Temperature,78.69,69.34,61.92
2019-08-01,Min Temperature,66.0,59.13,50.0
2019-08-01,Dew Point,70.0,56.16,39.0
2019-08-01,Precipitation,0.0,0.0,0.0
2019-08-01,Snowdepth,0.0,0.0,0.0
2019-08-01,Wind,24.0,6.13,0.0
2019-08-01,Gust Wind,41.0,0.26,0.0
2019-08-01,Sea Level Pressure,29.98,29.61,29.34
2019-09-01,Max Temperature,81.0,70.0,59.0
2019-09-01,Avg Temperature,68.35,59.99,53.71
2019-09-01,Min Temperature,59.0,50.17,41.0
2019-09-01,Dew Point,66.0,49.0,34.0
2019-09-01,Precipitation,0.0,0.0,0.0
2019-09-01,Snowdepth,0.0,0.0,0.0
2019-09-01,Wind,24.0,7.23,0.0
2019-09-01,Gust Wind,36.0,0.55,0.0
2019-09-01,Sea Level Pressure,30.1,29.69,29.11
2019-10-01,Max Temperature,77.0,60.03,45.0
2019-10-01,Avg Temperature,64.31,53.36,40.04
2019-10-01,Min Temperature,55.0,47.13,34.0
2019-10-01,Dew Point,61.0,48.74,30.0
2019-10-01,Precipitation,0.0,0.0,0.0
2019-10-01,Snowdepth,0.0,0.0,0.0
2019-10-01,Wind,21.0,7.58,0.0
2019-10-01,Gust Wind,25.0,0.02,0.0
2019-10-01,Sea Level Pressure,29.93,29.57,29.17
2019-11-01,Max Temperature,63.0,48.1,39.0
2019-11-01,Avg Temperature,56.17,43.03,36.5
2019-11-01,Min Temperature,50.0,37.57,30.0
2019-11-01,Dew Point,55.0,39.71,28.0
2019-11-01,Precipitation,0.0,0.0,0.0
2019-11-01,Snowdepth,0.0,0.0,0.0
2019-11-01,Wind,24.0,7.33,0.0
2019-11-01,Gust Wind,29.0,0.11,0.0
2019-11-01,Sea Level Pressure,29.84,29.29,28.73
2019-12-01,Max Temperature,54.0,44.87,30.0
2019-12-01,Avg Temperature,48.96,40.09,28.29
2019-12-01,Min Temperature,46.0,35.42,25.0
2019-12-01,Dew Point,48.0,36.36,23.0
2019-12-01,Precipitation,0.0,0.0,0.0
2019-12-01,Snowdepth,0.0,0.0,0.0
2019-12-01,Wind,26.0,7.69,0.0
2019-12-01,Gust Wind,46.0,0.22,0.0
2019-12-01,Sea Level Pressure,30.33,29.55,28.47
2020-01-01,Max Temperature,59.0,44.52,32.0
2020-01-01,Avg Temperature,54.65,39.54,26.88
2020-01-01,Min Temperature,48.0,34.42,23.0
2020-01-01,Dew Point,50.0,35.58,19.0
2020-01-01,Precipitation,0.0,0.0,0.0
2020-01-01,Snowdepth,0.0,0.0,0.0
2020-01-01,Wind,26.0,7.17,0.0
2020-01-01,Gust Wind,44.0,0.09,0.0
2020-01-01,Sea Level Pressure,30.51,29.85,28.96
2020-02-01,Max Temperature,64.0,50.17,41.0
2020-02-01,Avg Temperature,56.4,43.8,32.23
2020-02-01,Min Temperature,48.0,36.76,27.0
2020-02-01,Dew Point,52.0,36.24,25.0
2020-02-01,Precipitation,0.0,0.0,0.0
2020-02-01,Snowdepth,0.0,0.0,0.0
2020-02-01,Wind,40.0,12.55,0.0
2020-02-01,Gust Wind,62.0,3.08,0.0
2020-02-01,Sea Level Pressure,30.19,29.59,28.88
2020-03-01,Max Temperature,64.0,53.65,46.0
2020-03-01,Avg Temperature,57.23,45.57,37.35
2020-03-01,Min Temperature,54.0,36.77,27.0
2020-03-01,Dew Point,52.0,33.22,5.0
2020-03-01,Precipitation,0.0,0.0,0.0
2020-03-01,Snowdepth,0.0,0.0,0.0
2020-03-01,Wind,25.0,10.83,0.0
2020-03-01,Gust Wind,53.0,0.55,0.0
2020-03-01,Sea Level Pressure,30.16,29.64,28.76
2020-04-01,Max Temperature,77.0,67.6,52.0
2020-04-01,Avg Temperature,63.6,55.27,39.94
2020-04-01,Min Temperature,55.0,42.23,27.0
2020-04-01,Dew Point,55.0,36.08,18.0
2020-04-01,Precipitation,0.0,0.0,0.0
2020-04-01,Snowdepth,0.0,0.0,0.0
2020-04-01,Wind,28.0,8.13,0.0
2020-04-01,Gust Wind,38.0,0.36,0.0
2020-04-01,Sea Level Pressure,30.01,29.63,29.2
2020-05-01,Max Temperature,79.0,68.1,55.0
2020-05-01,Avg Temperature,67.58,57.68,45.92
2020-05-01,Min Temperature,57.0,46.23,36.0
2020-05-01,Dew Point,61.0,42.36,23.0
2020-05-01,Precipitation,0.0,0.0,0.0
2020-05-01,Snowdepth,0.0,0.0,0.0
2020-05-01,Wind,23.0,8.35,0.0
2020-05-01,Gust Wind,36.0,0.67,0.0
2020-05-01,Sea Level Pressure,30.16,29.72,29.2
2020-06-01,Max Temperature,88.0,75.1,61.0
2020-06-01,Avg Temperature,73.9,65.72,53.81
2020-06-01,Min Temperature,64.0,55.9,45.0
2020-06-01,Dew Point,63.0,52.52,39.0
2020-06-01,Precipitation,0.0,0.0,0.0
2020-06-01,Snowdepth,0.0,0.0,0.0
2020-06-01,Wind,23.0,7.68,0.0
2020-06-01,Gust Wind,35.0,0.36,0.0
2020-06-01,Sea Level Pressure,29.87,29.52,28.96
2020-07-01,Max Temperature,95.0,79.55,64.0
2020-07-01,Avg Temperature,80.21,69.33,60.1
2020-07-01,Min Temperature,70.0,58.03,46.0
2020-07-01,Dew Point,64.0,50.02,37.0
2020-07-01,Precipitation,0.0,0.0,0.0
2020-07-01,Snowdepth,0.0,0.0,0.0
2020-07-01,Wind,32.0,7.82,1.0
2020-07-01,Gust Wind,37.0,0.52,0.0
2020-07-01,Sea Level Pressure,29.93,29.62,29.34
2020-08-01,Max Temperature,99.0,82.06,68.0
2020-08-01,Avg Temperature,83.06,71.92,60.33
2020-08-01,Min Temperature,73.0,62.13,50.0
2020-08-01,Dew Point,70.0,56.77,43.0
2020-08-01,Precipitation,0.0,0.0,0.0
2020-08-01,Snowdepth,0.0,0.0,0.0
2020-08-01,Wind,30.0,6.95,0.0
2020-08-01,Gust Wind,44.0,0.63,0.0
2020-08-01,Sea Level Pressure,29.75,29.53,29.17
2020-09-01,Max Temperature,91.0,74.0,55.0
2020-09-01,Avg Temperature,74.17,62.82,50.75
2020-09-01,Min Temperature,61.0,52.1,41.0
2020-09-01,Dew Point,61.0,48.76,37.0
2020-09-01,Precipitation,0.0,0.0,0.0
2020-09-01,Snowdepth,0.0,0.0,0.0
2020-09-01,Wind,20.0,6.28,0.0
2020-09-01,Gust Wind,31.0,0.22,0.0
2020-09-01,Sea Level Pressure,29.96,29.62,29.05
2020-10-01,Max Temperature,70.0,58.29,52.0
2020-10-01,Avg Temperature,61.02,52.4,43.1
2020-10-01,Min Temperature,57.0,46.1,34.0
2020-10-01,Dew Point,59.0,46.62,32.0
2020-10-01,Precipitation,0.0,0.0,0.0
2020-10-01,Snowdepth,0.0,0.0,0.0
2020-10-01,Wind,23.0,8.13,0.0
2020-10-01,Gust Wind,33.0,0.34,0.0
2020-10-01,Sea Level Pressure,29.87,29.5,28.76
2020-11-01,Max Temperature,72.0,49.83,36.0
2020-11-01,Avg Temperature,65.58,43.85,29.56
2020-11-01,Min Temperature,57.0,38.47,21.0
2020-11-01,Dew Point,57.0,39.58,21.0
2020-11-01,Precipitation,0.0,0.0,0.0
2020-11-01,Snowdepth,0.0,0.0,0.0
2020-11-01,Wind,22.0,6.03,1.0
2020-11-01,Gust Wind,35.0,0.12,0.0
2020-11-01,Sea Level Pressure,30.28,29.85,29.34
2020-12-01,Max Temperature,59.0,43.52,36.0
2020-12-01,Avg Temperature,54.04,39.74,33.88
2020-12-01,Min Temperature,52.0,35.9,28.0
2020-12-01,Dew Point,54.0,36.77,27.0
2020-12-01,Precipitation,0.0,0.0,0.0
2020-12-01,Snowdepth,0.0,0.0,0.0
2020-12-01,Wind,21.0,6.07,0.0
2020-12-01,Gust Wind,31.0,0.22,0.0
2020-12-01,Sea Level Pressure,29.9,29.37,28.53
2021-01-01,Max Temperature,52.0,40.35,34.0
2021-01-01,Avg Temperature,48.81,36.28,27.77
2021-01-01,Min Temperature,45.0,32.13,19.0
2021-01-01,Dew Point,48.0,31.23,-6.0
2021-01-01,Precipitation,0.0,0.0,0.0
2021-01-01,Snowdepth,0.0,0.0,0.0
2021-01-01,Wind,24.0,8.45,0.0
2021-01-01,Gust Wind,38.0,0.38,0.0
2021-01-01,Sea Level Pressure,29.96,29.47,28.85
2021-02-01,Max Temperature,66.0,46.18,23.0
2021-02-01,Avg Temperature,50.81,37.79,18.5
2021-02-01,Min Temperature,48.0,29.89,12.0
2021-02-01,Dew Point,52.0,31.04,-60.0
2021-02-01,Precipitation,0.0,0.0,0.0
2021-02-01,Snowdepth,0.0,0.0,0.0
2021-02-01,Wind,22.0,7.19,0.0
2021-02-01,Gust Wind,21.0,0.04,0.0
2021-02-01,Sea Level Pressure,30.33,29.69,28.91
2021-03-01,Max Temperature,77.0,53.32,43.0
2021-03-01,Avg Temperature,60.02,43.87,35.46
2021-03-01,Min Temperature,45.0,34.71,25.0
2021-03-01,Dew Point,46.0,32.67,14.0
2021-03-01,Precipitation,0.0,0.0,0.0
2021-03-01,Snowdepth,0.0,0.0,0.0
2021-03-01,Wind,31.0,8.02,0.0
2021-03-01,Gust Wind,45.0,1.05,0.0
2021-03-01,Sea Level Pressure,30.13,29.77,29.08
2021-04-01,Max Temperature,75.0,55.7,41.0
2021-04-01,Avg Temperature,58.73,46.35,36.73
2021-04-01,Min Temperature,46.0,36.33,27.0
2021-04-01,Dew Point,50.0,32.37,19.0
2021-04-01,Precipitation,0.0,0.0,0.0
2021-04-01,Snowdepth,0.0,0.0,0.0
2021-04-01,Wind,24.0,8.03,0.0
2021-04-01,Gust Wind,37.0,0.32,0.0
2021-04-01,Sea Level Pressure,30.07,29.69,29.17
2021-05-01,Max Temperature,84.0,62.48,54.0
2021-05-01,Avg Temperature,64.5,53.81,44.44
2021-05-01,Min Temperature,55.0,44.48,30.0
2021-05-01,Dew Point,57.0,42.58,27.0
2021-05-01,Precipitation,0.0,0.0,0.0
2021-05-01,Snowdepth,0.0,0.0,0.0
2021-05-01,Wind,30.0,9.34,1.0
2021-05-01,Gust Wind,45.0,1.23,0.0
2021-05-01,Sea Level Pressure,29.93,29.51,29.14
2021-06-01,Max Temperature,95.0,79.97,66.0
2021-06-01,Avg Temperature,82.29,70.02,62.0
2021-06-01,Min Temperature,70.0,59.87,50.0
2021-06-01,Dew Point,68.0,56.76,41.0
2021-06-01,Precipitation,0.0,0.0,0.0
2021-06-01,Snowdepth,0.0,0.0,0.0
2021-06-01,Wind,28.0,6.89,0.0
2021-06-01,Gust Wind,41.0,0.23,0.0
2021-06-01,Sea Level Pressure,29.96,29.63,29.26
2021-07-01,Max Temperature,84.0,76.32,64.0
2021-07-01,Avg Temperature,71.69,67.25,60.6
2021-07-01,Min Temperature,64.0,58.55,52.0
2021-07-01,Dew Point,66.0,57.08,46.0
2021-07-01,Precipitation,0.0,0.0,0.0
2021-07-01,Snowdepth,0.0,0.0,0.0
2021-07-01,Wind,26.0,6.89,1.0
2021-07-01,Gust Wind,39.0,0.15,0.0
2021-07-01,Sea Level Pressure,29.81,29.57,29.34
2021-08-01,Max Temperature,88.0,73.68,63.0
2021-08-01,Avg Temperature,73.0,64.73,57.27
2021-08-01,Min Temperature,64.0,56.06,50.0
2021-08-01,Dew Point,73.0,55.36,46.0
2021-08-01,Precipitation,0.0,0.0,0.0
2021-08-01,Snowdepth,0.0,0.0,0.0
2021-08-01,Wind,22.0,7.02,0.0
2021-08-01,Gust Wind,31.0,0.12,0.0
2021-08-01,Sea Level Pressure,29.9,29.61,29.26
2021-09-01,Max Temperature,82.0,72.8,63.0
2021-09-01,Avg Temperature,70.38,62.55,50.88
2021-09-01,Min Temperature,64.0,52.77,41.0
2021-09-01,Dew Point,70.0,53.14,39.0
2021-09-01,Precipitation,0.0,0.0,0.0
2021-09-01,Snowdepth,0.0,0.0,0.0
2021-09-01,Wind,21.0,5.88,0.0
2021-09-01,Gust Wind,36.0,0.15,0.0
2021-09-01,Sea Level Pressure,30.01,29.7,29.46
2021-10-01,Max Temperature,70.0,58.42,48.0
2021-10-01,Avg Temperature,64.08,49.9,39.65
2021-10-01,Min Temperature,57.0,42.26,30.0
2021-10-01,Dew Point,59.0,45.12,30.0
2021-10-01,Precipitation,0.0,0.0,0.0
2021-10-01,Snowdepth,0.0,0.0,0.0
2021-10-01,Wind,38.0,5.98,0.0
2021-10-01,Gust Wind,55.0,0.71,0.0
2021-10-01,Sea Level Pressure,30.01,29.7,29.02
2021-11-01,Max Temperature,57.0,46.1,36.0
2021-11-01,Avg Temperature,50.02,41.69,33.27
2021-11-01,Min Temperature,45.0,37.53,27.0
2021-11-01,Dew Point,54.0,38.21,27.0
2021-11-01,Precipitation,0.0,0.0,0.0
2021-11-01,Snowdepth,0.0,0.0,0.0
2021-11-01,Wind,29.0,6.64,0.0
2021-11-01,Gust Wind,37.0,0.12,0.0
2021-11-01,Sea Level Pressure,30.07,29.62,28.76
2021-12-01,Max Temperature,48.0,42.64,34.0
2021-12-01,Avg Temperature,45.88,38.33,26.79
2021-12-01,Min Temperature,43.0,33.52,21.0
2021-12-01,Dew Point,45.0,34.69,18.0
2021-12-01,Precipitation,0.0,0.0,0.0
2021-12-01,Snowdepth,0.0,0.0,0.0
2021-12-01,Wind,23.0,6.52,0.0
2021-12-01,Gust Wind,33.0,0.06,0.0
2021-12-01,Sea Level Pressure,30.28,29.62,28.94
